{"RuleTriggered": 0, "Violations": 0, "Details": {"Network": {"algo-1": {"max": 78443061.39, "p99": 139.92, "p95": 0, "p50": 0, "min": 0}}, "GPU": {"algo-1": {"max": 90.0, "p99": 85.31, "p95": 70.0, "p50": 0, "min": 0}}, "CPU": {"algo-1": {"max": 97.82, "p99": 93.47, "p95": 85.01, "p50": 40.65, "min": 0}}, "CPU memory": {"algo-1": {"max": 28.14, "p99": 25.82, "p95": 23.94, "p50": 23.5, "min": 7.66}}, "GPU memory": {"algo-1": {"max": 84.0, "p99": 81.0, "p95": 68.0, "p50": 0, "min": 0}}, "I/O": {"algo-1": {"max": 95.0, "p99": 74.31, "p95": 45.42, "p50": 0.5, "min": 0}}}, "Datapoints": 869, "RuleParameters": ""}